{
	"_version": 1.13,
    "pools": 
    [
		{
            "name":"ingots",
            "rolls": 
            {
                "min": 2,
                "max": 4
            },
            "entries": 
            [
                {
                    "type": "item",
                    "name": "futurepack:ingot_tin",
                    "weight": 20,
                    "functions": 
                    [
                        {
                            "function": "set_count",
                            "count": 
                            {
                                "min": 1,
                                "max": 2
                            }
                        }
                    ]
                },
                {
                    "type": "item",
                    "name": "futurepack:ingot_zinc",
                    "weight": 20,
                    "functions": 
                    [
                        {
                            "function": "set_count",
                            "count": 
                            {
                                "min": 1,
                                "max": 2
                            }
                        }
                    ]
                },
                {
                    "type": "item",
                    "name": "minecraft:copper_ingot",
                    "weight": 20,
                    "functions": 
                    [
                        {
                            "function": "set_count",
                            "count": 
                            {
                                "min": 1,
                                "max": 2
                            }
                        }
                    ]
                },
                {
                    "type": "item",
                    "name": "futurepack:ingot_magnet",
                    "weight": 20,
                    "functions": 
                    [
                        {
                            "function": "set_count",
                            "count": 
                            {
                                "min": 1,
                                "max": 2
                            }
                        }
                    ]
                },
                {
                    "type": "item",
                    "name": "futurepack:ingot_neon",
                    "weight": 20,
                    "functions": 
                    [
                        {
                            "function": "set_count",
                            "count": 
                            {
                                "min": 1,
                                "max": 2
                            }
                        }
                    ]
                },
				{
                    "type": "item",
                    "name": "minecraft:iron_ingot",
                    "weight": 20,
                    "functions": 
                    [
                        {
                            "function": "set_count",
                            "count": 
                            {
                                "min": 1,
                                "max": 3
                            }
                        }
                    ]
                },
				{
                    "type": "item",
                    "name": "minecraft:gold_ingot",
                    "weight": 10,
                    "functions": 
                    [
                        {
                            "function": "set_count",
                            "count": 1
                        }
                    ]
                },
                {
                    "type":"empty",
                    "weight":10
                }
            ]
        }
    ]
}
